address,unit
1806 RITTENHOUSE SQ,1702
1810 RITTENHOUSE SQ,1002
1810 RITTENHOUSE SQ,1004
1810 RITTENHOUSE SQ,1005
1810 RITTENHOUSE SQ,1008
1810 RITTENHOUSE SQ,1011
1810 RITTENHOUSE SQ,1012
1810 RITTENHOUSE SQ,1104
1810 RITTENHOUSE SQ,1106
1810 RITTENHOUSE SQ,1107
1810 RITTENHOUSE SQ,1201
1810 RITTENHOUSE SQ,1209
1810 RITTENHOUSE SQ,1211
1810 RITTENHOUSE SQ,1404
1810 RITTENHOUSE SQ,1405
1810 RITTENHOUSE SQ,1406
1810 RITTENHOUSE SQ,1409
1810 RITTENHOUSE SQ,1411
1810 RITTENHOUSE SQ,1412
1810 RITTENHOUSE SQ,1502
1810 RITTENHOUSE SQ,1503
1810 RITTENHOUSE SQ,1505
1810 RITTENHOUSE SQ,1602
1810 RITTENHOUSE SQ,1603
1810 RITTENHOUSE SQ,1605
1810 RITTENHOUSE SQ,1606
1810 RITTENHOUSE SQ,1607
1810 RITTENHOUSE SQ,1608
1810 RITTENHOUSE SQ,1610
1810 RITTENHOUSE SQ,1701
1810 RITTENHOUSE SQ,1703
1810 RITTENHOUSE SQ,1708
1810 RITTENHOUSE SQ,1801
1810 RITTENHOUSE SQ,1803
1810 RITTENHOUSE SQ,1806
1810 RITTENHOUSE SQ,1807
1810 RITTENHOUSE SQ,1810
1810 RITTENHOUSE SQ,1905
1810 RITTENHOUSE SQ,1910
1810 RITTENHOUSE SQ,2005
1810 RITTENHOUSE SQ,2006
1810 RITTENHOUSE SQ,2009
1810 RITTENHOUSE SQ,204
1810 RITTENHOUSE SQ,205
1810 RITTENHOUSE SQ,206
1810 RITTENHOUSE SQ,207
1810 RITTENHOUSE SQ,208
1810 RITTENHOUSE SQ,209
1810 RITTENHOUSE SQ,210
1810 RITTENHOUSE SQ,2102
1810 RITTENHOUSE SQ,2103
1810 RITTENHOUSE SQ,2104
1810 RITTENHOUSE SQ,2108
1810 RITTENHOUSE SQ,2110
1810 RITTENHOUSE SQ,301
1810 RITTENHOUSE SQ,302
1810 RITTENHOUSE SQ,303
1810 RITTENHOUSE SQ,304
1810 RITTENHOUSE SQ,306
1810 RITTENHOUSE SQ,310
1810 RITTENHOUSE SQ,311
1810 RITTENHOUSE SQ,312
1810 RITTENHOUSE SQ,313
1810 RITTENHOUSE SQ,402
1810 RITTENHOUSE SQ,403
1810 RITTENHOUSE SQ,405
1810 RITTENHOUSE SQ,406
1810 RITTENHOUSE SQ,408
1810 RITTENHOUSE SQ,411
1810 RITTENHOUSE SQ,504
1810 RITTENHOUSE SQ,505
1810 RITTENHOUSE SQ,506
1810 RITTENHOUSE SQ,507
1810 RITTENHOUSE SQ,508
1810 RITTENHOUSE SQ,509
1810 RITTENHOUSE SQ,510
1810 RITTENHOUSE SQ,513
1810 RITTENHOUSE SQ,603
1810 RITTENHOUSE SQ,604
1810 RITTENHOUSE SQ,607
1810 RITTENHOUSE SQ,608
1810 RITTENHOUSE SQ,612
1810 RITTENHOUSE SQ,703
1810 RITTENHOUSE SQ,711
1810 RITTENHOUSE SQ,712
1810 RITTENHOUSE SQ,713
1810 RITTENHOUSE SQ,801
1810 RITTENHOUSE SQ,802
1810 RITTENHOUSE SQ,807
1810 RITTENHOUSE SQ,808
1810 RITTENHOUSE SQ,810
1810 RITTENHOUSE SQ,905
1810 RITTENHOUSE SQ,906
1810 RITTENHOUSE SQ,907
1810 RITTENHOUSE SQ,909
1810 RITTENHOUSE SQ,910
1810 RITTENHOUSE SQ,911
1820 RITTENHOUSE SQ,1001
1820 RITTENHOUSE SQ,1002
1820 RITTENHOUSE SQ,1101
1820 RITTENHOUSE SQ,1102
1820 RITTENHOUSE SQ,1201
1820 RITTENHOUSE SQ,1202
1820 RITTENHOUSE SQ,1401
1820 RITTENHOUSE SQ,1402
1820 RITTENHOUSE SQ,1501
1820 RITTENHOUSE SQ,1502
1820 RITTENHOUSE SQ,1601
1820 RITTENHOUSE SQ,1602
1820 RITTENHOUSE SQ,1701
1820 RITTENHOUSE SQ,1702
1820 RITTENHOUSE SQ,1802
1820 RITTENHOUSE SQ,301
1820 RITTENHOUSE SQ,302
1820 RITTENHOUSE SQ,401
1820 RITTENHOUSE SQ,402
1820 RITTENHOUSE SQ,501
1820 RITTENHOUSE SQ,502
1820 RITTENHOUSE SQ,601
1820 RITTENHOUSE SQ,602
1820 RITTENHOUSE SQ,701
1820 RITTENHOUSE SQ,702
1820 RITTENHOUSE SQ,801
1820 RITTENHOUSE SQ,802
1820 RITTENHOUSE SQ,901
1820 RITTENHOUSE SQ,902
1820 RITTENHOUSE SQ,PH1
1820 RITTENHOUSE SQ,PH2
1830 RITTENHOUSE SQ,10A
1830 RITTENHOUSE SQ,10B
1830 RITTENHOUSE SQ,11A
1830 RITTENHOUSE SQ,11C
1830 RITTENHOUSE SQ,12A
1830 RITTENHOUSE SQ,12B
1830 RITTENHOUSE SQ,12C
1830 RITTENHOUSE SQ,12D
1830 RITTENHOUSE SQ,14A
1830 RITTENHOUSE SQ,14B
1830 RITTENHOUSE SQ,15A
1830 RITTENHOUSE SQ,15B
1830 RITTENHOUSE SQ,16A
1830 RITTENHOUSE SQ,16B
1830 RITTENHOUSE SQ,16C
1830 RITTENHOUSE SQ,17A
1830 RITTENHOUSE SQ,17B
1830 RITTENHOUSE SQ,17C
1830 RITTENHOUSE SQ,19A
1830 RITTENHOUSE SQ,19B
1830 RITTENHOUSE SQ,1A
1830 RITTENHOUSE SQ,1B
1830 RITTENHOUSE SQ,1C
1830 RITTENHOUSE SQ,1D
1830 RITTENHOUSE SQ,1E
1830 RITTENHOUSE SQ,2A
1830 RITTENHOUSE SQ,2B
1830 RITTENHOUSE SQ,2C
1830 RITTENHOUSE SQ,2D
1830 RITTENHOUSE SQ,3A
1830 RITTENHOUSE SQ,3B
1830 RITTENHOUSE SQ,4A
1830 RITTENHOUSE SQ,4B
1830 RITTENHOUSE SQ,5A
1830 RITTENHOUSE SQ,5B
1830 RITTENHOUSE SQ,6A
1830 RITTENHOUSE SQ,6B
1830 RITTENHOUSE SQ,7A
1830 RITTENHOUSE SQ,7B
1830 RITTENHOUSE SQ,7C
1830 RITTENHOUSE SQ,8A
1830 RITTENHOUSE SQ,8B
1830 RITTENHOUSE SQ,8C
1830 RITTENHOUSE SQ,9A
1830 RITTENHOUSE SQ,9B
1830 RITTENHOUSE SQ,9C
1900 RITTENHOUSE SQ,10AA
1900 RITTENHOUSE SQ,10B
1900 RITTENHOUSE SQ,10C
1900 RITTENHOUSE SQ,11A
1900 RITTENHOUSE SQ,11B
1900 RITTENHOUSE SQ,12A
1900 RITTENHOUSE SQ,12B
1900 RITTENHOUSE SQ,13A
1900 RITTENHOUSE SQ,13B
1900 RITTENHOUSE SQ,14A
1900 RITTENHOUSE SQ,14B
1900 RITTENHOUSE SQ,15A
1900 RITTENHOUSE SQ,15B
1900 RITTENHOUSE SQ,16A
1900 RITTENHOUSE SQ,16B
1900 RITTENHOUSE SQ,16C
1900 RITTENHOUSE SQ,16D
1900 RITTENHOUSE SQ,17AA
1900 RITTENHOUSE SQ,17BB
1900 RITTENHOUSE SQ,18A
1900 RITTENHOUSE SQ,18B
1900 RITTENHOUSE SQ,19A
1900 RITTENHOUSE SQ,2A
1900 RITTENHOUSE SQ,2B
1900 RITTENHOUSE SQ,2C
1900 RITTENHOUSE SQ,3A
1900 RITTENHOUSE SQ,3B
1900 RITTENHOUSE SQ,3C
1900 RITTENHOUSE SQ,4A
1900 RITTENHOUSE SQ,4B
1900 RITTENHOUSE SQ,4C
1900 RITTENHOUSE SQ,5AA
1900 RITTENHOUSE SQ,5B
1900 RITTENHOUSE SQ,6A
1900 RITTENHOUSE SQ,6BB
1900 RITTENHOUSE SQ,7A
1900 RITTENHOUSE SQ,7B
1900 RITTENHOUSE SQ,7C
1900 RITTENHOUSE SQ,8A
1900 RITTENHOUSE SQ,8B
1900 RITTENHOUSE SQ,9A
1900 RITTENHOUSE SQ,9B
219 S 18TH ST,PHG
220 W RITTENHOUSE SQ,10A
220 W RITTENHOUSE SQ,10B
220 W RITTENHOUSE SQ,10C
220 W RITTENHOUSE SQ,10D
220 W RITTENHOUSE SQ,10E
220 W RITTENHOUSE SQ,10F
220 W RITTENHOUSE SQ,11A
220 W RITTENHOUSE SQ,11B
220 W RITTENHOUSE SQ,11C
220 W RITTENHOUSE SQ,11D
220 W RITTENHOUSE SQ,11E
220 W RITTENHOUSE SQ,11F
220 W RITTENHOUSE SQ,12A
220 W RITTENHOUSE SQ,12B
220 W RITTENHOUSE SQ,12C
220 W RITTENHOUSE SQ,12D
220 W RITTENHOUSE SQ,14A
220 W RITTENHOUSE SQ,14B
220 W RITTENHOUSE SQ,14C
220 W RITTENHOUSE SQ,14D
220 W RITTENHOUSE SQ,15A
220 W RITTENHOUSE SQ,15B
220 W RITTENHOUSE SQ,15C
220 W RITTENHOUSE SQ,15D
220 W RITTENHOUSE SQ,16A
220 W RITTENHOUSE SQ,16B
220 W RITTENHOUSE SQ,16C
220 W RITTENHOUSE SQ,16D
220 W RITTENHOUSE SQ,17A
220 W RITTENHOUSE SQ,17B
220 W RITTENHOUSE SQ,17C
220 W RITTENHOUSE SQ,18A
220 W RITTENHOUSE SQ,18B
220 W RITTENHOUSE SQ,18C
220 W RITTENHOUSE SQ,19A
220 W RITTENHOUSE SQ,19B
220 W RITTENHOUSE SQ,19C
220 W RITTENHOUSE SQ,20A
220 W RITTENHOUSE SQ,20B
220 W RITTENHOUSE SQ,20C
220 W RITTENHOUSE SQ,21A
220 W RITTENHOUSE SQ,21B
220 W RITTENHOUSE SQ,21C
220 W RITTENHOUSE SQ,22A
220 W RITTENHOUSE SQ,22B
220 W RITTENHOUSE SQ,22C
220 W RITTENHOUSE SQ,23A
220 W RITTENHOUSE SQ,23B
220 W RITTENHOUSE SQ,23C
220 W RITTENHOUSE SQ,24
220 W RITTENHOUSE SQ,25
220 W RITTENHOUSE SQ,2A
220 W RITTENHOUSE SQ,2B
220 W RITTENHOUSE SQ,2C
220 W RITTENHOUSE SQ,2D
220 W RITTENHOUSE SQ,2E
220 W RITTENHOUSE SQ,2F
220 W RITTENHOUSE SQ,3A
220 W RITTENHOUSE SQ,3B
220 W RITTENHOUSE SQ,3C
220 W RITTENHOUSE SQ,3D
220 W RITTENHOUSE SQ,3E
220 W RITTENHOUSE SQ,3F
220 W RITTENHOUSE SQ,4A
220 W RITTENHOUSE SQ,4B
220 W RITTENHOUSE SQ,4C
220 W RITTENHOUSE SQ,4D
220 W RITTENHOUSE SQ,4E
220 W RITTENHOUSE SQ,4F
220 W RITTENHOUSE SQ,5A
220 W RITTENHOUSE SQ,5B
220 W RITTENHOUSE SQ,5C
220 W RITTENHOUSE SQ,5D
220 W RITTENHOUSE SQ,5E
220 W RITTENHOUSE SQ,5F
220 W RITTENHOUSE SQ,6A
220 W RITTENHOUSE SQ,6B
220 W RITTENHOUSE SQ,6C
220 W RITTENHOUSE SQ,6D
220 W RITTENHOUSE SQ,6E
220 W RITTENHOUSE SQ,6F
220 W RITTENHOUSE SQ,7A
220 W RITTENHOUSE SQ,7B
220 W RITTENHOUSE SQ,7C
220 W RITTENHOUSE SQ,7D
220 W RITTENHOUSE SQ,7E
220 W RITTENHOUSE SQ,7F
220 W RITTENHOUSE SQ,8A
220 W RITTENHOUSE SQ,8B
220 W RITTENHOUSE SQ,8C
220 W RITTENHOUSE SQ,8D
220 W RITTENHOUSE SQ,8E
220 W RITTENHOUSE SQ,8F
220 W RITTENHOUSE SQ,9A
220 W RITTENHOUSE SQ,9B
220 W RITTENHOUSE SQ,9C
220 W RITTENHOUSE SQ,9D
220 W RITTENHOUSE SQ,9E
220 W RITTENHOUSE SQ,9F
225 S 18TH ST,1002
225 S 18TH ST,1004
225 S 18TH ST,1005
225 S 18TH ST,1006
225 S 18TH ST,1008
225 S 18TH ST,1009
225 S 18TH ST,1010
225 S 18TH ST,1014
225 S 18TH ST,1016
225 S 18TH ST,1017
225 S 18TH ST,1018
225 S 18TH ST,1102
225 S 18TH ST,1103
225 S 18TH ST,1105
225 S 18TH ST,1106
225 S 18TH ST,1110
225 S 18TH ST,1114
225 S 18TH ST,1118
225 S 18TH ST,1120
225 S 18TH ST,1122
225 S 18TH ST,1202
225 S 18TH ST,1204
225 S 18TH ST,1205
225 S 18TH ST,1206
225 S 18TH ST,1208
225 S 18TH ST,1210
225 S 18TH ST,1212
225 S 18TH ST,1215
225 S 18TH ST,1216
225 S 18TH ST,1219
225 S 18TH ST,1220
225 S 18TH ST,1221
225 S 18TH ST,1222
225 S 18TH ST,1405
225 S 18TH ST,1406
225 S 18TH ST,1408
225 S 18TH ST,1410
225 S 18TH ST,1412
225 S 18TH ST,1416
225 S 18TH ST,1418
225 S 18TH ST,1419
225 S 18TH ST,1421
225 S 18TH ST,1423
225 S 18TH ST,1424
225 S 18TH ST,1502
225 S 18TH ST,1505
225 S 18TH ST,1508
225 S 18TH ST,1510
225 S 18TH ST,1514
225 S 18TH ST,1518
225 S 18TH ST,1519
225 S 18TH ST,1520
225 S 18TH ST,1523
225 S 18TH ST,1524
225 S 18TH ST,1601
225 S 18TH ST,1608
225 S 18TH ST,1610
225 S 18TH ST,1615
225 S 18TH ST,1618
225 S 18TH ST,1619
225 S 18TH ST,1621
225 S 18TH ST,1623
225 S 18TH ST,1624
225 S 18TH ST,401
225 S 18TH ST,405
225 S 18TH ST,406
225 S 18TH ST,408
225 S 18TH ST,409
225 S 18TH ST,410
225 S 18TH ST,411C
225 S 18TH ST,412
225 S 18TH ST,416
225 S 18TH ST,418
225 S 18TH ST,421
225 S 18TH ST,423
225 S 18TH ST,505
225 S 18TH ST,506
225 S 18TH ST,507
225 S 18TH ST,508
225 S 18TH ST,509
225 S 18TH ST,512
225 S 18TH ST,514
225 S 18TH ST,516
225 S 18TH ST,517
225 S 18TH ST,518
225 S 18TH ST,520
225 S 18TH ST,522
225 S 18TH ST,523
225 S 18TH ST,524
225 S 18TH ST,525
225 S 18TH ST,526
225 S 18TH ST,601
225 S 18TH ST,605A
226 W RITTENHOUSE SQ,1001
226 W RITTENHOUSE SQ,1004
226 W RITTENHOUSE SQ,1005
226 W RITTENHOUSE SQ,1009
226 W RITTENHOUSE SQ,1011
226 W RITTENHOUSE SQ,1012
226 W RITTENHOUSE SQ,1015A
226 W RITTENHOUSE SQ,1016
226 W RITTENHOUSE SQ,1018
226 W RITTENHOUSE SQ,1102
226 W RITTENHOUSE SQ,1106
226 W RITTENHOUSE SQ,1108
226 W RITTENHOUSE SQ,1111
226 W RITTENHOUSE SQ,1114
226 W RITTENHOUSE SQ,1201
226 W RITTENHOUSE SQ,1202
226 W RITTENHOUSE SQ,1203
226 W RITTENHOUSE SQ,1206
226 W RITTENHOUSE SQ,1207
226 W RITTENHOUSE SQ,1208
226 W RITTENHOUSE SQ,1210
226 W RITTENHOUSE SQ,1212
226 W RITTENHOUSE SQ,1213
226 W RITTENHOUSE SQ,1215A
226 W RITTENHOUSE SQ,1215B
226 W RITTENHOUSE SQ,1216
226 W RITTENHOUSE SQ,1218
226 W RITTENHOUSE SQ,1401
226 W RITTENHOUSE SQ,1403
226 W RITTENHOUSE SQ,1404
226 W RITTENHOUSE SQ,1405
226 W RITTENHOUSE SQ,1407
226 W RITTENHOUSE SQ,1408
226 W RITTENHOUSE SQ,1413
226 W RITTENHOUSE SQ,1414
226 W RITTENHOUSE SQ,1416
226 W RITTENHOUSE SQ,1418
226 W RITTENHOUSE SQ,1502
226 W RITTENHOUSE SQ,1506
226 W RITTENHOUSE SQ,1511
226 W RITTENHOUSE SQ,1512
226 W RITTENHOUSE SQ,1513
226 W RITTENHOUSE SQ,1516
226 W RITTENHOUSE SQ,1517
226 W RITTENHOUSE SQ,1601
226 W RITTENHOUSE SQ,1610
226 W RITTENHOUSE SQ,1613
226 W RITTENHOUSE SQ,1614
226 W RITTENHOUSE SQ,1703
226 W RITTENHOUSE SQ,1705
226 W RITTENHOUSE SQ,1706
226 W RITTENHOUSE SQ,1707
226 W RITTENHOUSE SQ,1711
226 W RITTENHOUSE SQ,1712
226 W RITTENHOUSE SQ,1713
226 W RITTENHOUSE SQ,1714
226 W RITTENHOUSE SQ,1716
226 W RITTENHOUSE SQ,1802
226 W RITTENHOUSE SQ,1804
226 W RITTENHOUSE SQ,1805
226 W RITTENHOUSE SQ,1807
226 W RITTENHOUSE SQ,1810
226 W RITTENHOUSE SQ,1811
226 W RITTENHOUSE SQ,1812
226 W RITTENHOUSE SQ,1818
226 W RITTENHOUSE SQ,1902
226 W RITTENHOUSE SQ,1904
226 W RITTENHOUSE SQ,1905
226 W RITTENHOUSE SQ,1908
226 W RITTENHOUSE SQ,1909
226 W RITTENHOUSE SQ,1911
226 W RITTENHOUSE SQ,1912
226 W RITTENHOUSE SQ,1917
226 W RITTENHOUSE SQ,2001
226 W RITTENHOUSE SQ,2005
226 W RITTENHOUSE SQ,203
226 W RITTENHOUSE SQ,204
226 W RITTENHOUSE SQ,207
226 W RITTENHOUSE SQ,208
226 W RITTENHOUSE SQ,210
226 W RITTENHOUSE SQ,2102
226 W RITTENHOUSE SQ,2105
226 W RITTENHOUSE SQ,2106
226 W RITTENHOUSE SQ,2109
226 W RITTENHOUSE SQ,211
226 W RITTENHOUSE SQ,2112
226 W RITTENHOUSE SQ,2113
226 W RITTENHOUSE SQ,212
226 W RITTENHOUSE SQ,215
226 W RITTENHOUSE SQ,217
226 W RITTENHOUSE SQ,218
226 W RITTENHOUSE SQ,2201
226 W RITTENHOUSE SQ,2202
226 W RITTENHOUSE SQ,2206
226 W RITTENHOUSE SQ,2207
226 W RITTENHOUSE SQ,2208
226 W RITTENHOUSE SQ,2209
226 W RITTENHOUSE SQ,2211
226 W RITTENHOUSE SQ,2212
237 S 18TH ST,10A
237 S 18TH ST,11B
237 S 18TH ST,11D
237 S 18TH ST,13D
237 S 18TH ST,13E
237 S 18TH ST,14A
237 S 18TH ST,14B
237 S 18TH ST,14C
237 S 18TH ST,14E
237 S 18TH ST,15A
237 S 18TH ST,15B
237 S 18TH ST,15D
237 S 18TH ST,16A
237 S 18TH ST,16B
237 S 18TH ST,17C
237 S 18TH ST,17D
237 S 18TH ST,18B
237 S 18TH ST,18B1
237 S 18TH ST,18C
237 S 18TH ST,19B
237 S 18TH ST,19C
237 S 18TH ST,19E
237 S 18TH ST,20A
237 S 18TH ST,20B
237 S 18TH ST,20C
237 S 18TH ST,21A
237 S 18TH ST,21B
237 S 18TH ST,21D
237 S 18TH ST,22A
237 S 18TH ST,22C
237 S 18TH ST,2A
237 S 18TH ST,2B
237 S 18TH ST,2D
237 S 18TH ST,3A
237 S 18TH ST,3B
237 S 18TH ST,3C
237 S 18TH ST,3E
237 S 18TH ST,4B
237 S 18TH ST,4D
237 S 18TH ST,4E
237 S 18TH ST,5A
237 S 18TH ST,5B
237 S 18TH ST,5D
237 S 18TH ST,5F
237 S 18TH ST,6B
237 S 18TH ST,6C
237 S 18TH ST,6D
237 S 18TH ST,6E
237 S 18TH ST,6F
237 S 18TH ST,7B
237 S 18TH ST,7D
237 S 18TH ST,7E
237 S 18TH ST,8A
237 S 18TH ST,8B
237 S 18TH ST,8C
237 S 18TH ST,8D
237 S 18TH ST,8E
237 S 18TH ST,9A
237 S 18TH ST,9B
237 S 18TH ST,9C
237 S 18TH ST,9D
250 S 17TH ST,100
250 S 17TH ST,1000
250 S 17TH ST,101
250 S 17TH ST,1100
250 S 17TH ST,1101
250 S 17TH ST,1200
250 S 17TH ST,1201
250 S 17TH ST,1400
250 S 17TH ST,1401
250 S 17TH ST,1500
250 S 17TH ST,1501
250 S 17TH ST,1600
250 S 17TH ST,1601
250 S 17TH ST,1700
250 S 17TH ST,201
250 S 17TH ST,300
250 S 17TH ST,301
250 S 17TH ST,400
250 S 17TH ST,401
250 S 17TH ST,500
250 S 17TH ST,501
250 S 17TH ST,600
250 S 17TH ST,601
250 S 17TH ST,700
250 S 17TH ST,701
250 S 17TH ST,800
250 S 17TH ST,801
250 S 17TH ST,900
250 S 17TH ST,901
250 S 18TH ST,1001
250 S 18TH ST,101
250 S 18TH ST,102
250 S 18TH ST,1101
250 S 18TH ST,1201
250 S 18TH ST,1301
250 S 18TH ST,1302
250 S 18TH ST,1401
250 S 18TH ST,1501
250 S 18TH ST,1502
250 S 18TH ST,1601
250 S 18TH ST,1602
250 S 18TH ST,201
250 S 18TH ST,202
250 S 18TH ST,301
250 S 18TH ST,401
250 S 18TH ST,402
250 S 18TH ST,501
250 S 18TH ST,502
250 S 18TH ST,701
250 S 18TH ST,702
250 S 18TH ST,801
250 S 18TH ST,802
250 S 18TH ST,901
250 S 18TH ST,902
